First Name,Last Name,Mobile Phone,E-mail Address,Address
张,伟,13800138001,zhangwei@test.com,北京市朝阳区建国路88号
王,芳,13800138002,wangfang@test.com,上海市浦东新区陆家嘴金融中心
李,强,13800138003,liqiang@test.com,广州市天河区珠江新城
刘,洋,13800138004,liuyang@test.com,深圳市南山区科技园
陈,静,13800138005,chenjing@test.com,杭州市西湖区文三路
杨,磊,13800138006,yanglei@test.com,成都市武侯区天府大道
赵,敏,13800138007,zhaomin@test.com,南京市鼓楼区中山路
黄,鑫,13800138008,huangxin@test.com,武汉市江汉区解放大道
周,婷,13800138009,zhouting@test.com,西安市雁塔区高新路
吴,凯,13800138010,wukai@test.com,重庆市渝中区解放碑
徐,明,13800138011,xuming@test.com,天津市和平区南京路
孙,丽,13800138012,sunli@test.com,苏州市工业园区金鸡湖
马,超,13800138013,machao@test.com,郑州市金水区经三路
朱,华,13800138014,zhuhua@test.com,长沙市岳麓区岳麓大道
胡,波,13800138015,hubo@test.com,青岛市市南区香港中路
郭,雪,13800138016,guoxue@test.com,大连市中山区人民路
林,峰,13800138017,linfeng@test.com,厦门市思明区鹭江道
何,涛,13800138018,hetao@test.com,宁波市鄞州区鄞县大道
罗,琳,13800138019,luolin@test.com,无锡市滨湖区蠡湖大道
高,杰,13800138020,gaojie@test.com,东莞市南城区鸿福路
梁,艳,13800138021,liangyan@test.com,佛山市禅城区季华路
郑,鹏,13800138022,zhengpeng@test.com,沈阳市沈河区青年大街
谢,晨,13800138023,xiechen@test.com,哈尔滨市南岗区红军街
唐,威,13800138024,tangwei@test.com,济南市历下区泉城路
许,文,13800138025,xuwen@test.com,南昌市东湖区八一大道
邓,琪,13800138026,dengqi@test.com,福州市鼓楼区五四路
冯,刚,13800138027,fenggang@test.com,合肥市包河区徽州大道
曹,倩,13800138028,caoqian@test.com,太原市迎泽区迎泽大街
彭,涛,13800138029,pengtao@test.com,石家庄市中山东路
蒋,丽,13800138030,jiangli@test.com,南宁市青秀区民族大道
蔡,明,13800138031,caiming@test.com,昆明市五华区东风西路
贾,伟,13800138032,jiawei@test.com,贵阳市南明区中华南路
薛,婷,13800138033,xueting@test.com,兰州市城关区庆阳路
阎,峰,13800138034,yanfeng@test.com,乌鲁木齐市天山区解放北路
余,静,13800138035,yujing@test.com,呼和浩特市赛罕区昭乌达路
潘,凯,13800138036,pankai@test.com,长春市朝阳区人民大街
杜,华,13800138037,duhua@test.com,银川市兴庆区解放西街
叶,波,13800138038,yebo@test.com,西宁市城西区五四大街
程,雪,13800138039,chengxue@test.com,拉萨市城关区北京中路
魏,超,13800138040,weichao@test.com,海口市龙华区国贸路
苏,琳,13800138041,sulin@test.com,三亚市吉阳区迎宾路
吕,杰,13800138042,lvjie@test.com,温州市鹿城区人民路
丁,艳,13800138043,dingyan@test.com,嘉兴市南湖区中山东路
任,鹏,13800138044,renpeng@test.com,绍兴市越城区胜利东路
沈,晨,13800138045,shenchen@test.com,金华市婺城区八一北街
姚,威,13800138046,yaowei@test.com,台州市椒江区市府大道
卢,文,13800138047,luwen@test.com,湖州市吴兴区人民路
姜,琪,13800138048,jiangqi@test.com,衢州市柯城区上街
崔,刚,13800138049,cuigang@test.com,舟山市定海区解放西路
钟,倩,13800138050,zhongqian@test.com,丽水市莲都区中山街
