name,phone,email,company
张伟,13800138001,zhangwei@test.com,测试公司A
王芳,13800138002,wangfang@test.com,测试公司B
李明,13800138003,liming@test.com,测试公司C
赵丽,13800138004,zhaoli@test.com,测试公司D
刘洋,13800138005,liuyang@test.com,测试公司E
陈静,13800138006,chenjing@test.com,测试公司F
杨帆,13800138007,yangfan@test.com,测试公司G
黄涛,13800138008,huangtao@test.com,测试公司H
周婷,13800138009,zhouting@test.com,测试公司I
吴刚,13800138010,wugang@test.com,测试公司J
郑敏,13800138011,zhengmin@test.com,测试公司K
孙磊,13800138012,sunlei@test.com,测试公司L
马丽,13800138013,mali@test.com,测试公司M
朱峰,13800138014,zhufeng@test.com,测试公司N
胡娟,13800138015,hujuan@test.com,测试公司O
林杰,13800138016,linjie@test.com,测试公司P
何雪,13800138017,hexue@test.com,测试公司Q
高远,13800138018,gaoyuan@test.com,测试公司R
罗敏,13800138019,luomin@test.com,测试公司S
梁宁,13800138020,liangning@test.com,测试公司T
宋佳,13800138021,songjia@test.com,测试公司U
唐波,13800138022,tangbo@test.com,测试公司V
许琳,13800138023,xulin@test.com,测试公司W
韩超,13800138024,hanchao@test.com,测试公司X
冯婷,13800138025,fengting@test.com,测试公司Y
董明,13800138026,dongming@test.com,测试公司Z
萧雨,13800138027,xiaoyu@test.com,测试公司AA
程浩,13800138028,chenghao@test.com,测试公司AB
曹颖,13800138029,caoying@test.com,测试公司AC
袁伟,13800138030,yuanwei@test.com,测试公司AD
邓丽,13800138031,dengli@test.com,测试公司AE
彭涛,13800138032,pengtao@test.com,测试公司AF
蒋静,13800138033,jiangjing@test.com,测试公司AG
沈明,13800138034,shenming@test.com,测试公司AH
陆艳,13800138035,luyan@test.com,测试公司AI
姚强,13800138036,yaoqiang@test.com,测试公司AJ
谭丽,13800138037,tanli@test.com,测试公司AK
金波,13800138038,jinbo@test.com,测试公司AL
秦雪,13800138039,qinxue@test.com,测试公司AM
尹杰,13800138040,yinjie@test.com,测试公司AN
